{
  "sequence": "A2",
  "num_frames": 61,
  "areas": [
    65025,
    65025,
    64984,
    64984,
    65025,
    65025,
    65025,
    65025,
    65025,
    65025,
    65025,
    65025,
    65025,
    65025,
    65025,
    65025,
    64991,
    64991,
    65025,
    65025,
    65025,
    65025,
    65025,
    65025,
    65025,
    65025,
    65025,
    65025,
    65025,
    65025,
    65025,
    65025,
    64968,
    64968,
    65025,
    65025,
    65004,
    65004,
    65025,
    65025,
    64990,
    64990,
    65025,
    65025,
    65025,
    65025,
    65025,
    65025,
    64859,
    64859,
    65025,
    65025,
    65025,
    65025,
    65025,
    65025,
    64949,
    64949,
    65025,
    65025,
    65025
  ],
  "growth_rates": [
    0.0,
    -0.0006228373702422145,
    0.0,
    0.0006232255383976179,
    0.0,
    0.0,
    0.0,
    0.0,
    0.0,
    0.0,
    0.0,
    0.0,
    0.0,
    0.0,
    0.0,
    -0.0005228758169934641,
    0.0,
    0.000523149359142035,
    0.0,
    0.0,
    0.0,
    0.0,
    0.0,
    0.0,
    0.0,
    0.0,
    0.0,
    0.0,
    0.0,
    0.0,
    0.0,
    -0.0008765859284890426,
    0.0,
    0.0008773550055411895,
    0.0,
    -0.0003229527104959631,
    0.0,
    0.0003230570426435296,
    0.0,
    -0.0005382545174932718,
    0.0,
    0.0005385443914448377,
    0.0,
    0.0,
    0.0,
    0.0,
    0.0,
    -0.002545174932718185,
    0.0,
    0.0025516693776547767,
    0.0,
    0.0,
    0.0,
    0.0,
    0.0,
    -0.0011610918877354864,
    0.0,
    0.001162441589234713,
    0.0,
    0.0
  ],
  "iou_scores": [
    0.00201416015625,
    0.004820618884734707,
    0.00042724609375,
    0.0014357388533021993,
    0.0047454833984375,
    0.012039671188092356,
    0.0009307861328125,
    0.0034055434679784316,
    0.0052947998046875,
    0.02795965315873297,
    0.00146484375,
    0.007299957613149343,
    0.0116424560546875,
    0.06222542989833062,
    0.00244140625,
    0.018664232657686013,
    0.0211639404296875,
    0.13682341635039824,
    0.00347900390625,
    0.033232102749043056,
    0.042327880859375,
    0.24067606336534864,
    0.006378173828125,
    0.07627091934823033,
    0.0530548095703125,
    0.21987888912090206,
    0.1153564453125,
    0.09759106654223937,
    0.305145263671875,
    0.014154193023110166,
    0.1795654296875
  ],
  "area_errors": [
    64893.0,
    64722.0,
    64956.5,
    64886.5,
    64714.0,
    64259.0,
    64964.0,
    64773.0,
    64678.0,
    63265.0,
    64929.0,
    64514.0,
    64262.0,
    61011.0,
    64865.0,
    63839.0,
    63604.0,
    56395.0,
    64797.0,
    62890.0,
    62251.0,
    49428.0,
    64607.0,
    60116.0,
    61548.0,
    50709.0,
    57465.0,
    58530.0,
    45027.0,
    64121.0,
    53257.0
  ],
  "statistics": {
    "mean_area": 65010.95081967213,
    "max_area": 65025.0,
    "min_area": 64859.5,
    "mean_growth_rate": 1.6115233151788017e-07,
    "max_growth_rate": 0.0025516693776547767,
    "mean_iou": 0.05522289113314608,
    "mean_area_error": 61428.25806451613
  }
}