{
  "sequence": "A2",
  "num_frames": 61,
  "areas": [
    59876,
    59876,
    63403,
    63403,
    64441,
    64441,
    63864,
    63864,
    61599,
    61599,
    63566,
    63566,
    64187,
    64187,
    64902,
    64902,
    58090,
    58090,
    63906,
    63906,
    64489,
    64489,
    64814,
    64814,
    60682,
    60682,
    64452,
    64452,
    64520,
    64520,
    64601,
    64601,
    58473,
    58473,
    63916,
    63916,
    64174,
    64174,
    64742,
    64742,
    58067,
    58067,
    64357,
    64357,
    64531,
    64531,
    64162,
    64162,
    53441,
    53441,
    62170,
    62170,
    61285,
    61285,
    54104,
    54104,
    63044,
    63044,
    64174,
    64174,
    63781
  ],
  "growth_rates": [
    0.0,
    0.058904578590933,
    0.0,
    0.016371335967257327,
    0.0,
    -0.00896161634971253,
    0.0,
    -0.03545816109232118,
    0.0,
    0.03193207737075788,
    0.0,
    0.009761430942398905,
    0.0,
    0.011147117017464596,
    0.0,
    -0.10496514001771888,
    0.0,
    0.10012050266827337,
    0.0,
    0.009122774074421807,
    0.0,
    0.005047372420102653,
    0.0,
    -0.06375888111456542,
    0.0,
    0.06212715467519198,
    0.0,
    0.0010628064295910135,
    0.0,
    0.001255414945637433,
    0.0,
    -0.0948662182766654,
    0.0,
    0.0930942486275717,
    0.0,
    0.004028693686293837,
    0.0,
    0.008858727833702121,
    0.0,
    -0.10310074526006874,
    0.0,
    0.1083222112197012,
    0.0,
    0.002695878491240337,
    0.0,
    -0.005718181959058437,
    0.0,
    -0.16708487890028365,
    0.0,
    0.16333748117100005,
    0.0,
    -0.014235047168673246,
    0.0,
    -0.1171810624046471,
    0.0,
    0.16524656217654887,
    0.0,
    0.017923847441093196,
    0.0,
    -0.006131718984955083
  ],
  "iou_scores": [
    0.00201416015625,
    0.004820618884734707,
    0.00042724609375,
    0.0014357388533021993,
    0.0047454833984375,
    0.012039671188092356,
    0.0009307861328125,
    0.0034055434679784316,
    0.0052947998046875,
    0.02795965315873297,
    0.00146484375,
    0.007299957613149343,
    0.0116424560546875,
    0.06222542989833062,
    0.00244140625,
    0.018664232657686013,
    0.0211639404296875,
    0.13682341635039824,
    0.00347900390625,
    0.033232102749043056,
    0.042327880859375,
    0.24067606336534864,
    0.006378173828125,
    0.07627091934823033,
    0.0530548095703125,
    0.21987888912090206,
    0.1153564453125,
    0.09759106654223937,
    0.305145263671875,
    0.014154193023110166,
    0.1795654296875
  ],
  "area_errors": [
    59744.5,
    59573.5,
    63375.5,
    63305.5,
    64130.5,
    63675.5,
    63803.0,
    63612.0,
    61252.5,
    59839.5,
    63470.5,
    63055.5,
    63424.0,
    60173.0,
    64742.5,
    63716.5,
    56703.0,
    49494.0,
    63678.0,
    61771.0,
    61715.0,
    48892.0,
    64396.5,
    59905.5,
    57205.0,
    46366.0,
    56892.0,
    57957.0,
    44522.5,
    63616.5,
    52833.5
  ],
  "statistics": {
    "mean_area": 62423.983606557376,
    "max_area": 64902.5,
    "min_area": 53441.5,
    "mean_growth_rate": 0.002481642737008528,
    "max_growth_rate": 0.16524656217654887,
    "mean_iou": 0.05522289113314608,
    "mean_area_error": 59575.532258064515
  }
}