{
  "sequence": "A3",
  "num_frames": 53,
  "areas": [
    11103,
    11103,
    11647,
    11647,
    29549,
    29549,
    29678,
    29678,
    29311,
    29311,
    25257,
    25257,
    12364,
    12364,
    12457,
    12457,
    13177,
    13177,
    16159,
    16159,
    19525,
    19525,
    35484,
    35484,
    15824,
    15824,
    15100,
    15100,
    14912,
    14912,
    27716,
    27716,
    6442,
    6442,
    6776,
    6776,
    6455,
    6455,
    7265,
    7265,
    8276,
    8276,
    5597,
    5597,
    4730,
    4730,
    5609,
    5609,
    4925,
    4925,
    13598,
    13598,
    13840
  ],
  "growth_rates": [
    0.0,
    0.04894852974287387,
    0.0,
    1.5370481669099338,
    0.0,
    0.004382551016954888,
    0.0,
    -0.012382701282072882,
    0.0,
    -0.1383098495445396,
    0.0,
    -0.5104525478085283,
    0.0,
    0.007521533422297707,
    0.0,
    0.05775637166365643,
    0.0,
    0.22630340745237915,
    0.0,
    0.20830496936691628,
    0.0,
    0.8173879641485275,
    0.0,
    -0.5540447237526244,
    0.0,
    -0.04575184050048975,
    0.0,
    -0.012449918876858382,
    0.0,
    0.8586085498742666,
    0.0,
    -0.7675572312521423,
    0.0,
    0.05184322856034148,
    0.0,
    -0.04744337047148233,
    0.0,
    0.1254841208365608,
    0.0,
    0.13916035788024778,
    0.0,
    -0.32370710488158533,
    0.0,
    -0.1549044130784349,
    0.0,
    0.18583509513742072,
    0.0,
    -0.12194687110001783,
    0.0,
    1.761015228426396,
    0.0,
    0.017796734813943227
  ],
  "iou_scores": [
    0.0028533935546875,
    0.00788894909635674,
    0.0187225341796875,
    0.026428491824680392,
    0.049713134765625,
    0.08276037687802394,
    0.0026397705078125,
    0.005779979674796748,
    0.0111083984375,
    0.02350088742393509,
    0.039093017578125,
    0.053461709001076836,
    0.0005950927734375,
    0.0023215875842768096,
    0.0084075927734375,
    0.06366855976006637,
    0.0014190673828125,
    0.003822165360626899,
    0.0232086181640625,
    0.10894885452095232,
    0.00067138671875,
    0.002046670534390511,
    0.007049560546875,
    0.02117003232310302,
    0.057525634765625,
    0.14518002322880372,
    0.209747314453125
  ],
  "area_errors": [
    10916.5,
    10595.5,
    10420.0,
    9842.0,
    26291.0,
    24259.0,
    29505.5,
    29314.5,
    28583.0,
    27828.0,
    22695.0,
    21726.0,
    12325.5,
    12218.5,
    11906.5,
    8466.5,
    13084.0,
    12938.0,
    14638.0,
    9322.0,
    19481.0,
    19384.0,
    35022.5,
    34161.5,
    12054.5,
    6274.5,
    1354.5
  ],
  "statistics": {
    "mean_area": 14938.169811320755,
    "max_area": 35484.5,
    "min_area": 4730.0,
    "mean_growth_rate": 0.06458550455199887,
    "max_growth_rate": 1.761015228426396,
    "mean_iou": 0.03628640014120933,
    "mean_area_error": 17578.055555555555
  }
}