{
  "sequence": "A3",
  "num_frames": 53,
  "areas": [
    58709,
    58709,
    60318,
    60318,
    64016,
    64016,
    63951,
    63951,
    63952,
    63952,
    64067,
    64067,
    60655,
    60655,
    61015,
    61015,
    61284,
    61284,
    61326,
    61326,
    60865,
    60865,
    60794,
    60794,
    62480,
    62480,
    62443,
    62443,
    62277,
    62277,
    62177,
    62177,
    59631,
    59631,
    59729,
    59729,
    59668,
    59668,
    59686,
    59686,
    58526,
    58526,
    58540,
    58540,
    58252,
    58252,
    58397,
    58397,
    58104,
    58104,
    50474,
    50474,
    45844
  ],
  "growth_rates": [
    0.0,
    0.027414876765061574,
    0.0,
    0.061299601283188405,
    0.0,
    -0.0010075606098475381,
    0.0,
    7.818424900119623e-06,
    0.0,
    0.001798223667750813,
    0.0,
    -0.05325674684314858,
    0.0,
    0.005935207320089028,
    0.0,
    0.004408751946242727,
    0.0,
    0.0006853338554924614,
    0.0,
    -0.007517203143854156,
    0.0,
    -0.0011665160601330815,
    0.0,
    0.02774122446294042,
    0.0,
    -0.0005921847616456334,
    0.0,
    -0.00266641043503327,
    0.0,
    -0.0016057292419352249,
    0.0,
    -0.040947617286134746,
    0.0,
    0.0016434404923613556,
    0.0,
    -0.0010212794454954879,
    0.0,
    0.00031004893745391164,
    0.0,
    -0.019434880584386752,
    0.0,
    0.0002306647416127737,
    0.0,
    -0.004911171848308848,
    0.0,
    0.0024891635552122225,
    0.0,
    -0.005017338070979066,
    0.0,
    -0.13132373568312264,
    0.0,
    -0.09173039584736696
  ],
  "iou_scores": [
    0.0028533935546875,
    0.00788894909635674,
    0.0187225341796875,
    0.026428491824680392,
    0.049713134765625,
    0.08276037687802394,
    0.0026397705078125,
    0.005779979674796748,
    0.0111083984375,
    0.02350088742393509,
    0.039093017578125,
    0.053461709001076836,
    0.0005950927734375,
    0.0023215875842768096,
    0.0084075927734375,
    0.06366855976006637,
    0.0014190673828125,
    0.003822165360626899,
    0.0232086181640625,
    0.10894885452095232,
    0.00067138671875,
    0.002046670534390511,
    0.007049560546875,
    0.02117003232310302,
    0.057525634765625,
    0.14518002322880372,
    0.209747314453125
  ],
  "area_errors": [
    58522.0,
    58201.0,
    59091.5,
    58513.5,
    60758.0,
    58726.0,
    63778.5,
    63587.5,
    63224.0,
    62469.0,
    61505.0,
    60536.0,
    60616.0,
    60509.0,
    60464.0,
    57024.0,
    61191.0,
    61045.0,
    59805.0,
    54489.0,
    60821.0,
    60724.0,
    60332.0,
    59471.0,
    58710.5,
    52930.5,
    48697.5
  ],
  "statistics": {
    "mean_area": 60160.84905660377,
    "max_area": 64067.0,
    "min_area": 45844.0,
    "mean_growth_rate": -0.004389123354020887,
    "max_growth_rate": 0.061299601283188405,
    "mean_iou": 0.03628640014120933,
    "mean_area_error": 59471.90740740741
  }
}